{"weights": {"xgb": 0.3575188630007379, "cat": 0.31982533521524437, "lgb": 0.32265520961839916}, "threshold": 0.7100190817508215}