{"weights": {"xgb": 0.18205868712018808, "cat": 0.462128860812125, "lgb": 0.3558119659817431}, "threshold": 0.5789267873576293}