{"weights": {"xgb": 0.36280163075614497, "cat": 0.3763355021262675, "lgb": 0.2608624211488715}, "threshold": 0.5269795149721712}