{"weights": {"xgb": 0.1698641383546517, "cat": 0.44062405389968495, "lgb": 0.3895110282397153}, "threshold": 0.625434005942859}