{"weights": {"xgb": 0.47482466549112934, "cat": 0.20604521417451646, "lgb": 0.3191295903406795}, "threshold": 0.6528889796988377}