{"weights": {"xgb": 0.6786543310621836, "cat": 0.17311085479372224, "lgb": 0.1482339988875253}, "threshold": 0.24672360788274705}