{"weights": {"xgb": 0.36215485251667995, "cat": 0.5688955036109559, "lgb": 0.06894896343461579}, "threshold": 0.5128229109476166}