{"weights": {"xgb": 0.168764230194322, "cat": 0.3965049873592595, "lgb": 0.4347298803231742}, "threshold": 0.6358250077211749}