{"weights": {"xgb": 0.31651289028464685, "cat": 0.5449126702542726, "lgb": 0.13857374546037632}, "threshold": 0.5113875507308893}