{"weights": {"xgb": 0.19541601886517151, "cat": 0.4151013138595366, "lgb": 0.38948191953716427}, "threshold": 0.4754770142108769}