{"weights": {"xgb": 0.36475602995451584, "cat": 0.39784752315438465, "lgb": 0.23739586308700075}, "threshold": 0.5408879095738178}