{"weights": {"xgb": 0.0857333705008104, "cat": 0.3030189316667308, "lgb": 0.6112470121823457}, "threshold": 0.43293500074699576}