{"weights": {"xgb": 0.47814872312875567, "cat": 0.36013023837283337, "lgb": 0.16172016610567314}, "threshold": 0.4303839293613356}