{"weights": {"xgb": 0.18105565757057138, "cat": 0.3154956997256067, "lgb": 0.5034477365679816}, "threshold": 0.6701302211553648}