{"weights": {"xgb": 0.6274642171072564, "cat": 0.36757105314247085, "lgb": 0.0049640720237587605}, "threshold": 0.8640732907868823}