{"weights": {"xgb": 0.2087687072806343, "cat": 0.2846995877329459, "lgb": 0.5065311921024163}, "threshold": 0.5425326114998096}