{"weights": {"xgb": 0.15016334537257978, "cat": 0.4344374963078049, "lgb": 0.4153981581326154}, "threshold": 0.6779434743839945}