{"weights": {"xgb": 0.16459622481579964, "cat": 0.41195241866397336, "lgb": 0.4234508579038269}, "threshold": 0.5547412800177455}