{"weights": {"xgb": 0.37646561626532754, "cat": 0.24766809635313275, "lgb": 0.3758657639309671}, "threshold": 0.3983992932872231}