{"weights": {"xgb": 0.010826492800829004, "cat": 0.8394125015574768, "lgb": 0.14975949927826065}, "threshold": 0.8554461011905437}