{"weights": {"xgb": 0.9650406705346877, "cat": 0.012170820646728583, "lgb": 0.02278733968652979}, "threshold": 0.294529859976989}