{"weights": {"xgb": 0.5491110235894575, "cat": 0.24743069706860527, "lgb": 0.20345772509334828}, "threshold": 0.6094162512884232}