{"weights": {"xgb": 0.5879027309279207, "cat": 0.20872813068687654, "lgb": 0.20336818328917866}, "threshold": 0.6608612845427188}