{"weights": {"xgb": 0.13444572256959197, "cat": 0.44915463407829703, "lgb": 0.41639839804980955}, "threshold": 0.6252034756790017}