{"weights": {"xgb": 0.08607754451355441, "cat": 0.5363803021619681, "lgb": 0.37754154536455553}, "threshold": 0.5415479672062401}