{"weights": {"xgb": 0.48318067935120124, "cat": 0.5130731414002944, "lgb": 0.0037456455007088088}, "threshold": 0.6423647999190795}