{"weights": {"xgb": 0.641189081664404, "cat": 0.11327695069744136, "lgb": 0.24553328280536807}, "threshold": 0.5624181301410723}