{"weights": {"xgb": 0.452182722381219, "cat": 0.1967714569271923, "lgb": 0.3510451792313107}, "threshold": 0.45909954850616697}