{"weights": {"xgb": 0.5486180535720302, "cat": 0.3895750293461488, "lgb": 0.06180631777535005}, "threshold": 0.7600862315437178}