{"weights": {"xgb": 0.6056446402833305, "cat": 0.25874070627558193, "lgb": 0.1356140463676871}, "threshold": 0.31050502402987956}